"countrycode,country,year,gdppc,pop
AFG,Afghanistan,1820,,3.280
AFG,Afghanistan,1870,,4.207
AFG,Afghanistan,1913,,5.730
AFG,Afghanistan,1950,1.156,8.150
AFG,Afghanistan,1951,1.170,8.284
AFG,Afghanistan,1952,1.189,8.425
AFG,Afghanistan,1953,1.240,8.573
AFG,Afghanistan,1954,1.245,8.728
AFG,Afghanistan,1955,1.246,8.891
AFG,Afghanistan,1956,1.278,9.062
AFG,Afghanistan,1957,1.253,9.241
AFG,Afghanistan,1958,1.298,9.429
AFG,Afghanistan,1959,1.307,9.625
AFG,Afghanistan,1960,1.326,9.829
AFG,Afghanistan,1961,1.309,10.043
AFG,Afghanistan,1962,1.302,10.267
AFG,Afghanistan,1963,1.298,10.501
AFG,Afghanistan,1964,1.291,10.744
AFG,Afghanistan,1965,1.290,10.998
AFG,Afghanistan,1966,1.272,11.262
AFG,Afghanistan,1967,1.277,11.538
AFG,Afghanistan,1968,1.290,11.825
AFG,Afghanistan,1969,1.278,12.123
AFG,Afghanistan,1970,1.272,12.431
AFG,Afghanistan,1971,1.237,12.749
AFG,Afghanistan,1972,1.007,13.079
AFG,Afghanistan,1973,1.011,13.421
AFG,Afghanistan,1974,1.039,13.772
AFG,Afghanistan,1975,1.074,14.132
AFG,Afghanistan,1976,1.105,14.501
AFG,Afghanistan,1977,1.022,14.880
AFG,Afghanistan,1978,1.070,15.269
AFG,Afghanistan,1979,1.023,15.556
AFG,Afghanistan,1980,1.019,15.044
AFG,Afghanistan,1981,1.144,13.676
AFG,Afghanistan,1982,1.270,12.583
AFG,Afghanistan,1983,1.347,12.439
AFG,Afghanistan,1984,1.337,12.769
AFG,Afghanistan,1985,1.304,13.120
AFG,Afghanistan,1986,1.344,13.126
AFG,Afghanistan,1987,1.211,13.056
AFG,Afghanistan,1988,1.101,13.169
AFG,Afghanistan,1989,999,13.503
AFG,Afghanistan,1990,963,13.568
AFG,Afghanistan,1991,881,13.672
AFG,Afghanistan,1992,844,15.023
AFG,Afghanistan,1993,578,17.003
AFG,Afghanistan,1994,428,18.486
AFG,Afghanistan,1995,633,19.445
AFG,Afghanistan,1996,600,20.111
AFG,Afghanistan,1997,571,20.769
AFG,Afghanistan,1998,545,21.452
AFG,Afghanistan,1999,519,22.206
AFG,Afghanistan,2000,502,22.461
AFG,Afghanistan,2001,490,22.507
AFG,Afghanistan,2002,797,23.600
AFG,Afghanistan,2003,843,25.005
AFG,Afghanistan,2004,869,25.698
AFG,Afghanistan,2005,964,26.335
AFG,Afghanistan,2006,1.057,27.154
AFG,Afghanistan,2007,1.260,27.387
AFG,Afghanistan,2008,1.320,27.706
AFG,Afghanistan,2009,1.557,28.484
AFG,Afghanistan,2010,1.628,29.121
AFG,Afghanistan,2011,1.792,29.758
AFG,Afghanistan,2012,1.945,30.420
AFG,Afghanistan,2013,2.025,31.108
AFG,Afghanistan,2014,2.022,31.823
AFG,Afghanistan,2015,1.928,32.564
AFG,Afghanistan,2016,1.929,33.332
AFG,Afghanistan,2017,2.015,34.125
AFG,Afghanistan,2018,1.935,34.941
AGO,Angola,1950,1.677,4.118
AGO,Angola,1951,1.715,4.173
AGO,Angola,1952,1.755,4.232
AGO,Angola,1953,1.795,4.294
AGO,Angola,1954,1.720,4.358
AGO,Angola,1955,1.830,4.423
AGO,Angola,1956,1.769,4.491
AGO,Angola,1957,1.908,4.561
AGO,Angola,1958,1.978,4.636
AGO,Angola,1959,1.953,4.715
AGO,Angola,1960,1.997,4.797
AGO,Angola,1961,2.225,4.752
AGO,Angola,1962,2.128,4.826
AGO,Angola,1963,2.200,4.920
AGO,Angola,1964,2.407,5.026
AGO,Angola,1965,2.544,5.135
AGO,Angola,1966,2.646,5.201
AGO,Angola,1967,2.753,5.247
AGO,Angola,1968,2.665,5.350
AGO,Angola,1969,2.695,5.472
AGO,Angola,1970,2.818,5.606
AGO,Angola,1971,2.754,5.753
AGO,Angola,1972,2.729,5.895
AGO,Angola,1973,2.852,6.026
AGO,Angola,1974,2.727,5.987
AGO,Angola,1975,1.710,5.885
AGO,Angola,1976,1.521,5.943
AGO,Angola,1977,1.500,6.164
AGO,Angola,1978,1.530,6.287
AGO,Angola,1979,1.527,6.453
AGO,Angola,1980,1.532,6.743
AGO,Angola,1981,1.471,6.880
AGO,Angola,1982,1.374,7.019
AGO,Angola,1983,1.288,7.241
AGO,Angola,1984,1.259,7.442
AGO,Angola,1985,1.242,7.585
AGO,Angola,1986,1.106,7.749
AGO,Angola,1987,1.211,7.878
AGO,Angola,1988,1.360,8.023
AGO,Angola,1989,1.360,8.154
AGO,Angola,1990,1.384,8.297
AGO,Angola,1991,1.437,8.587
AGO,Angola,1992,1.389,8.899
AGO,Angola,1993,1.080,9.242
AGO,Angola,1994,1.121,9.601
AGO,Angola,1995,1.319,9.964
AGO,Angola,1996,1.534,10.313
AGO,Angola,1997,1.687,10.651
AGO,Angola,1998,1.811,10.990
AGO,Angola,1999,1.899,11.334
AGO,Angola,2000,2.014,11.676
AGO,Angola,2001,2.162,12.030
AGO,Angola,2002,2.523,12.443
AGO,Angola,2003,2.712,12.936
AGO,Angola,2004,3.064,13.480
AGO,Angola,2005,3.709,14.012
AGO,Angola,2006,4.592,14.535
AGO,Angola,2007,5.774,15.083
AGO,Angola,2008,6.744,15.658
AGO,Angola,2009,7.088,16.260
AGO,Angola,2010,7.521,16.884
AGO,Angola,2011,8.016,17.524
AGO,Angola,2012,8.190,18.202
AGO,Angola,2013,8.508,18.907
AGO,Angola,2014,8.673,19.623
AGO,Angola,2015,8.689,20.353
AGO,Angola,2016,8.453,21.097
AGO,Angola,2017,8.146,21.858
AGO,Angola,2018,7.771,22.638
ALB,Albania,1,,200
ALB,Albania,1000,,200
ALB,Albania,1500,,200
ALB,Albania,1600,,200
ALB,Albania,1700,,300
ALB,Albania,1820,,437
ALB,Albania,1850,,500
ALB,Albania,1870,711,603
ALB,Albania,1890,953,726
ALB,Albania,1900,1.092,800
ALB,Albania,1910,1.243,874
ALB,Albania,1913,1.293,898
ALB,Albania,1920,,932
ALB,Albania,1921,,937
ALB,Albania,1922,,942
ALB,Albania,1923,,947
ALB,Albania,1924,,952
ALB,Albania,1925,,956
ALB,Albania,1926,,962
ALB,Albania,1927,,967
ALB,Albania,1928,,972
ALB,Albania,1929,1.476,977
ALB,Albania,1930,,982
ALB,Albania,1931,,988
ALB,Albania,1932,,993
ALB,Albania,1933,,998
ALB,Albania,1934,,1.003
ALB,Albania,1935,,1.009
ALB,Albania,1936,,1.014
ALB,Albania,1937,,1.030
ALB,Albania,1938,,1.040
ALB,Albania,1939,,1.070
ALB,Albania,1940,,1.088
ALB,Albania,1941,,1.100
ALB,Albania,1942,,1.117
ALB,Albania,1943,,1.119
ALB,Albania,1944,,1.122
ALB,Albania,1945,,1.138
ALB,Albania,1946,,1.154
ALB,Albania,1947,,1.175
ALB,Albania,1948,,1.192
ALB,Albania,1949,,1.209
ALB,Albania,1950,1.596,1.227
ALB,Albania,1951,1.666,1.254
ALB,Albania,1952,1.667,1.283
ALB,Albania,1953,1.736,1.315
ALB,Albania,1954,1.785,1.353
ALB,Albania,1955,1.882,1.392
ALB,Albania,1956,1.902,1.434
ALB,Albania,1957,2.023,1.477
ALB,Albania,1958,2.114,1.521
ALB,Albania,1959,2.201,1.571
ALB,Albania,1960,2.313,1.623
ALB,Albania,1961,2.332,1.677
ALB,Albania,1962,2.409,1.728
ALB,Albania,1963,2.491,1.780
ALB,Albania,1964,2.576,1.832
ALB,Albania,1965,2.670,1.884
ALB,Albania,1966,2.770,1.933
ALB,Albania,1967,2.876,1.984
ALB,Albania,1968,2.979,2.039
ALB,Albania,1969,3.080,2.100
ALB,Albania,1970,3.194,2.157
ALB,Albania,1971,3.322,2.209
ALB,Albania,1972,3.451,2.264
ALB,Albania,1973,3.623,2.296
ALB,Albania,1974,3.637,2.348
ALB,Albania,1975,3.649,2.401
ALB,Albania,1976,3.665,2.455
ALB,Albania,1977,3.681,2.509
ALB,Albania,1978,3.696,2.563
ALB,Albania,1979,3.716,2.618
ALB,Albania,1980,3.741,2.671
ALB,Albania,1981,3.762,2.724
ALB,Albania,1982,3.783,2.780
ALB,Albania,1983,3.805,2.837
ALB,Albania,1984,3.826,2.896
ALB,Albania,1985,3.846,2.957
ALB,Albania,1986,3.870,3.015
ALB,Albania,1987,3.894,3.075
ALB,Albania,1988,3.920,3.137
ALB,Albania,1989,3.948,3.196
ALB,Albania,1990,3.983,3.251
ALB,Albania,1991,2.942,3.187
ALB,Albania,1992,2.842,3.078
ALB,Albania,1993,3.137,3.072
ALB,Albania,1994,3.400,3.117
ALB,Albania,1995,3.667,3.164
ALB,Albania,1996,3.966,3.209
ALB,Albania,1997,3.527,3.231
ALB,Albania,1998,3.873,3.219
ALB,Albania,1999,4.432,3.193
ALB,Albania,2000,4.808,3.164
ALB,Albania,2001,5.286,3.134
ALB,Albania,2002,5.609,3.104
ALB,Albania,2003,6.005,3.075
ALB,Albania,2004,6.420,3.051
ALB,Albania,2005,6.858,3.030
ALB,Albania,2006,7.347,3.011
ALB,Albania,2007,7.866,2.997
ALB,Albania,2008,8.522,2.990
ALB,Albania,2009,8.859,2.988
ALB,Albania,2010,9.223,2.992
ALB,Albania,2011,9.484,3.000
ALB,Albania,2012,9.592,3.008
ALB,Albania,2013,9.660,3.017
ALB,Albania,2014,9.808,3.026
ALB,Albania,2015,10.032,3.035
ALB,Albania,2016,10.342,3.044
ALB,Albania,2017,10.702,3.053
ALB,Albania,2018,11.104,3.063
ARE,United Arab Emirates,1950,25.182,72
ARE,United Arab Emirates,1951,26.634,73
ARE,United Arab Emirates,1952,27.490,75
ARE,United Arab Emirates,1953,29.358,77
ARE,United Arab Emirates,1954,31.695,80
ARE,United Arab Emirates,1955,31.374,83
ARE,United Arab Emirates,1956,32.481,86
ARE,United Arab Emirates,1957,32.329,89
ARE,United Arab Emirates,1958,32.473,93
ARE,United Arab Emirates,1959,34.153,98
ARE,United Arab Emirates,1960,35.758,103
ARE,United Arab Emirates,1961,36.949,109
ARE,United Arab Emirates,1962,38.654,116
ARE,United Arab Emirates,1963,39.889,124
ARE,United Arab Emirates,1964,40.927,133
ARE,United Arab Emirates,1965,41.705,144
ARE,United Arab Emirates,1966,42.213,157
ARE,United Arab Emirates,1967,42.416,172
ARE,United Arab Emirates,1968,42.040,191
ARE,United Arab Emirates,1969,40.639,218
ARE,United Arab Emirates,1970,39.135,249
ARE,United Arab Emirates,1971,39.540,288
ARE,United Arab Emirates,1972,39.540,336
ARE,United Arab Emirates,1973,39.669,391
ARE,United Arab Emirates,1974,45.347,453
ARE,United Arab Emirates,1975,40.591,523
ARE,United Arab Emirates,1976,40.803,598
ARE,United Arab Emirates,1977,41.915,684
ARE,United Arab Emirates,1978,35.936,779
ARE,United Arab Emirates,1979,39.534,884
ARE,United Arab Emirates,1980,44.168,1.000
ARE,United Arab Emirates,1981,42.456,1.070
ARE,United Arab Emirates,1982,36.635,1.138
ARE,United Arab Emirates,1983,32.737,1.209
ARE,United Arab Emirates,1984,32.135,1.284
ARE,United Arab Emirates,1985,29.562,1.363
ARE,United Arab Emirates,1986,21.949,1.447
ARE,United Arab Emirates,1987,21.487,1.530
ARE,United Arab Emirates,1988,20.215,1.623
ARE,United Arab Emirates,1989,21.072,1.722
ARE,United Arab Emirates,1990,22.254,1.826
ARE,United Arab Emirates,1991,0,1.935
ARE,United Arab Emirates,1992,0,2.050
ARE,United Arab Emirates,1993,25.559,2.171
ARE,United Arab Emirates,1994,28.335,2.292
ARE,United Arab Emirates,1995,31.240,2.412
ARE,United Arab Emirates,1996,34.043,2.536
ARE,United Arab Emirates,1997,38.168,2.668
ARE,United Arab Emirates,1998,39.668,2.810
ARE,United Arab Emirates,1999,42.372,2.962
ARE,United Arab Emirates,2000,48.888,3.130
ARE,United Arab Emirates,2001,51.263,3.299
ARE,United Arab Emirates,2002,54.077,3.475
ARE,United Arab Emirates,2003,59.823,3.708
ARE,United Arab Emirates,2004,64.926,4.064
ARE,United Arab Emirates,2005,65.599,4.583
ARE,United Arab Emirates,2006,67.831,5.294
ARE,United Arab Emirates,2007,65.413,6.161
ARE,United Arab Emirates,2008,63.862,7.081
ARE,United Arab Emirates,2009,58.861,7.908
ARE,United Arab Emirates,2010,60.112,8.540
ARE,United Arab Emirates,2011,65.307,8.936
ARE,United Arab Emirates,2012,68.255,9.131
ARE,United Arab Emirates,2013,70.791,9.187
ARE,United Arab Emirates,2014,72.601,9.203
ARE,United Arab Emirates,2015,74.746,9.252
ARE,United Arab Emirates,2016,75.876,9.350
ARE,United Arab Emirates,2017,76.643,9.476
ARE,United Arab Emirates,2018,76.398,9.619
ARG,Argentina,1800,1.484,
ARG,Argentina,1820,1.591,534
ARG,Argentina,1850,1.994,1.100
ARG,Argentina,1860,2.160,
ARG,Argentina,1870,2.340,1.796
ARG,Argentina,1875,2.606,
ARG,Argentina,1876,2.611,
ARG,Argentina,1877,2.820,
ARG,Argentina,1878,2.619,
ARG,Argentina,1879,2.664,
ARG,Argentina,1880,2.557,
ARG,Argentina,1881,2.541,
ARG,Argentina,1882,3.108,
ARG,Argentina,1883,3.373,
ARG,Argentina,1884,3.486,
ARG,Argentina,1885,3.904,
ARG,Argentina,1886,3.771,
ARG,Argentina,1887,3.841,
ARG,Argentina,1888,4.219,
ARG,Argentina,1889,4.288,
ARG,Argentina,1890,3.851,3.376
ARG,Argentina,1891,3.631,
ARG,Argentina,1892,4.251,
ARG,Argentina,1893,4.409,
ARG,Argentina,1894,4.968,
ARG,Argentina,1895,5.384,
ARG,Argentina,1896,5.716,
ARG,Argentina,1897,4.500,
ARG,Argentina,1898,4.741,
ARG,Argentina,1899,5.412,
ARG,Argentina,1900,4.583,4.693
ARG,Argentina,1901,4.591,4.873
ARG,Argentina,1902,4.331,5.060
ARG,Argentina,1903,4.769,5.254
ARG,Argentina,1904,5.086,5.455
ARG,Argentina,1905,5.545,5.664
ARG,Argentina,1906,5.608,5.881
ARG,Argentina,1907,5.514,6.107
ARG,Argentina,1908,5.829,6.341
ARG,Argentina,1909,5.896,6.584
ARG,Argentina,1910,6.092,6.836
ARG,Argentina,1911,5.971,7.098
ARG,Argentina,1912,6.223,7.370
ARG,Argentina,1913,6.052,7.653
ARG,Argentina,1914,5.263,7.885
ARG,Argentina,1915,5.171,8.072
ARG,Argentina,1916,4.927,8.226
ARG,Argentina,1917,4.447,8.374
ARG,Argentina,1918,5.177,8.518
ARG,Argentina,1919,5.271,8.672
ARG,Argentina,1920,5.536,8.861
ARG,Argentina,1921,5.533,9.092
ARG,Argentina,1922,5.796,9.368
ARG,Argentina,1923,6.213,9.707
ARG,Argentina,1924,6.464,10.054
ARG,Argentina,1925,6.247,10.358
ARG,Argentina,1926,6.366,10.652
ARG,Argentina,1927,6.625,10.965
ARG,Argentina,1928,6.840,11.282
ARG,Argentina,1929,6.961,11.592
ARG,Argentina,1930,6.503,11.896
ARG,Argentina,1931,5.917,12.167
ARG,Argentina,1932,5.614,12.402
ARG,Argentina,1933,5.772,12.623
ARG,Argentina,1934,6.129,12.834
ARG,Argentina,1935,6.296,13.044
ARG,Argentina,1936,6.236,13.260
ARG,Argentina,1937,6.575,13.490
ARG,Argentina,1938,6.491,13.724
ARG,Argentina,1939,6.612,13.984
ARG,Argentina,1940,6.633,14.169
ARG,Argentina,1941,6.861,14.402
ARG,Argentina,1942,6.829,14.638
ARG,Argentina,1943,6.666,14.877
ARG,Argentina,1944,7.299,15.130
ARG,Argentina,1945,6.943,15.390
ARG,Argentina,1946,7.436,15.654
ARG,Argentina,1947,8.112,15.942
ARG,Argentina,1948,8.372,16.307
ARG,Argentina,1949,8.045,16.737
ARG,Argentina,1950,7.949,17.150
ARG,Argentina,1951,8.086,17.517
ARG,Argentina,1952,7.519,17.877
ARG,Argentina,1953,7.769,18.231
ARG,Argentina,1954,7.938,18.581
ARG,Argentina,1955,8.348,18.928
ARG,Argentina,1956,8.424,19.272
ARG,Argentina,1957,8.705,19.611
ARG,Argentina,1958,9.083,19.947
ARG,Argentina,1959,8.354,20.281
ARG,Argentina,1960,8.861,20.616
ARG,Argentina,1961,9.344,20.951
ARG,Argentina,1962,9.049,21.284
ARG,Argentina,1963,8.695,21.616
ARG,Argentina,1964,9.446,21.949
ARG,Argentina,1965,10.155,22.283
ARG,Argentina,1966,10.076,22.612
ARG,Argentina,1967,10.200,22.934
ARG,Argentina,1968,10.485,23.261
ARG,Argentina,1969,11.217,23.600
ARG,Argentina,1970,11.639,23.962
ARG,Argentina,1971,12.003,24.364
ARG,Argentina,1972,12.170,24.780
ARG,Argentina,1973,12.691,25.210
ARG,Argentina,1974,13.284,25.646
ARG,Argentina,1975,12.946,26.082
ARG,Argentina,1976,12.696,26.531
ARG,Argentina,1977,13.236,26.984
ARG,Argentina,1978,12.444,27.440
ARG,Argentina,1979,13.114,27.902
ARG,Argentina,1980,13.080,28.370
ARG,Argentina,1981,12.125,28.848
ARG,Argentina,1982,11.550,29.330
ARG,Argentina,1983,11.775,29.784
ARG,Argentina,1984,11.837,30.231
ARG,Argentina,1985,10.895,30.672
ARG,Argentina,1986,11.515,31.145
ARG,Argentina,1987,11.633,31.625
ARG,Argentina,1988,11.244,32.099
ARG,Argentina,1989,10.393,32.572
ARG,Argentina,1990,10.254,33.036
ARG,Argentina,1991,11.224,33.505
ARG,Argentina,1992,12.267,33.967
ARG,Argentina,1993,12.927,34.408
ARG,Argentina,1994,13.571,34.847
ARG,Argentina,1995,13.086,35.274
ARG,Argentina,1996,13.715,35.683
ARG,Argentina,1997,14.723,36.103
ARG,Argentina,1998,15.186,36.518
ARG,Argentina,1999,14.578,36.924
ARG,Argentina,2000,14.369,37.336
ARG,Argentina,2001,13.652,37.740
ARG,Argentina,2002,12.095,38.132
ARG,Argentina,2003,13.089,38.530
ARG,Argentina,2004,14.183,38.946
ARG,Argentina,2005,15.344,39.368
ARG,Argentina,2006,16.490,39.762
ARG,Argentina,2007,17.892,40.135
ARG,Argentina,2008,18.520,40.532
ARG,Argentina,2009,17.329,40.944
ARG,Argentina,2010,18.980,41.359
ARG,Argentina,2011,20.003,41.792
ARG,Argentina,2012,19.599,42.217
ARG,Argentina,2013,19.873,42.636
ARG,Argentina,2014,19.183,43.058
ARG,Argentina,2015,19.502,43.475
ARG,Argentina,2016,18.875,43.887
ARG,Argentina,2017,19.201,44.294
ARG,Argentina,2018,18.556,44.695
ARM,Armenia,1950,,1.355
ARM,Armenia,1951,,1.379
ARM,Armenia,1952,,1.417
ARM,Armenia,1953,,1.456
ARM,Armenia,1954,,1.506
ARM,Armenia,1955,,1.565
ARM,Armenia,1956,,1.617
ARM,Armenia,1957,,1.672
ARM,Armenia,1958,,1.733
ARM,Armenia,1959,,1.796
ARM,Armenia,1960,,1.869
ARM,Armenia,1961,,1.944
ARM,Armenia,1962,,2.007
ARM,Armenia,1963,,2.066
ARM,Armenia,1964,,2.135
ARM,Armenia,1965,,2.206
ARM,Armenia,1966,,2.274
ARM,Armenia,1967,,2.338
ARM,Armenia,1968,,2.402
ARM,Armenia,1969,,2.463
ARM,Armenia,1970,,2.520
ARM,Armenia,1971,,2.582
ARM,Armenia,1972,,2.647
ARM,Armenia,1973,9.806,2.713
ARM,Armenia,1974,,2.777
ARM,Armenia,1975,,2.834
ARM,Armenia,1976,,2.893
ARM,Armenia,1977,,2.955
ARM,Armenia,1978,,3.014
ARM,Armenia,1979,,3.067
ARM,Armenia,1980,9.291,3.115
ARM,Armenia,1981,9.548,3.166
ARM,Armenia,1982,9.809,3.219
ARM,Armenia,1983,9.865,3.270
ARM,Armenia,1984,10.181,3.322
ARM,Armenia,1985,10.485,3.374
ARM,Armenia,1986,10.394,3.422
ARM,Armenia,1987,9.789,3.469
ARM,Armenia,1988,9.301,3.516
ARM,Armenia,1989,10.525,3.326
ARM,Armenia,1990,9.669,3.377
ARM,Armenia,1991,8.142,3.434
ARM,Armenia,1992,4.700,3.357
ARM,Armenia,1993,4.130,3.185
ARM,Armenia,1994,4.393,3.060
ARM,Armenia,1995,4.703,2.995
ARM,Armenia,1996,4.811,2.985
ARM,Armenia,1997,4.836,2.978
ARM,Armenia,1998,4.994,2.972
ARM,Armenia,1999,5.000,2.970
ARM,Armenia,2000,5.140,2.966
ARM,Armenia,2001,5.458,2.965
ARM,Armenia,2002,6.082,2.962
ARM,Armenia,2003,6.743,2.955
ARM,Armenia,2004,7.230,2.953
ARM,Armenia,2005,8.007,2.951
ARM,Armenia,2006,8.799,2.948
ARM,Armenia,2007,9.713,2.946
ARM,Armenia,2008,10.081,2.943
ARM,Armenia,2009,8.399,2.941
ARM,Armenia,2010,8.331,2.939
ARM,Armenia,2011,8.465,2.937
ARM,Armenia,2012,9.077,2.934
ARM,Armenia,2013,9.385,2.932
ARM,Armenia,2014,9.735,2.928
ARM,Armenia,2015,10.042,2.924
ARM,Armenia,2016,10.080,2.919
ARM,Armenia,2017,10.859,2.914
ARM,Armenia,2018,11.454,2.907
AUS,Australia,1,,360
AUS,Australia,1000,,400
AUS,Australia,1500,,450
AUS,Australia,1600,,450
AUS,Australia,1700,,450
AUS,Australia,1820,826,334
AUS,Australia,1821,834,331
AUS,Australia,1822,858,329
AUS,Australia,1823,886,329
AUS,Australia,1824,936,332
AUS,Australia,1825,982,333
AUS,Australia,1826,999,330
AUS,Australia,1827,1.030,328
AUS,Australia,1828,1.057,326
AUS,Australia,1829,1.114,326
AUS,Australia,1830,1.352,330
AUS,Australia,1831,1.398,333
AUS,Australia,1832,1.428,338
AUS,Australia,1833,1.435,349
AUS,Australia,1834,1.508,354
AUS,Australia,1835,1.825,358
AUS,Australia,1836,1.793,367
AUS,Australia,1837,1.881,373
AUS,Australia,1838,1.857,388
AUS,Australia,1839,1.733,403
AUS,Australia,1840,2.190,420
AUS,Australia,1841,1.868,448
AUS,Australia,1842,1.704,465
AUS,Australia,1843,1.975,472
AUS,Australia,1844,2.246,482
AUS,Australia,1845,2.310,494
AUS,Australia,1846,2.554,505
AUS,Australia,1847,2.954,518
AUS,Australia,1848,3.381,538
AUS,Australia,1849,3.339,576
AUS,Australia,1850,3.148,605
AUS,Australia,1851,3.736,636
AUS,Australia,1852,4.382,710
AUS,Australia,1853,4.798,795
AUS,Australia,1854,4.202,887
AUS,Australia,1855,3.988,983
AUS,Australia,1856,4.866,1.065
AUS,Australia,1857,4.294,1.156
AUS,Australia,1858,3.661,1.235
AUS,Australia,1859,4.728,1.279
AUS,Australia,1860,4.613,1.326
AUS,Australia,1861,4.544,1.346
AUS,Australia,1862,4.368,1.382
AUS,Australia,1863,4.352,1.432
AUS,Australia,1864,4.616,1.495
AUS,Australia,1865,4.403,1.558
AUS,Australia,1866,4.532,1.609
AUS,Australia,1867,4.956,1.647
AUS,Australia,1868,5.031,1.700
AUS,Australia,1869,4.932,1.750
AUS,Australia,1870,5.217,1.775
AUS,Australia,1871,5.259,1.675
AUS,Australia,1872,5.663,1.722
AUS,Australia,1873,6.095,1.769
AUS,Australia,1874,6.113,1.822
AUS,Australia,1875,6.596,1.874
AUS,Australia,1876,6.387,1.929
AUS,Australia,1877,6.433,1.995
AUS,Australia,1878,6.817,2.062
AUS,Australia,1879,6.703,2.127
AUS,Australia,1880,6.830,2.197
AUS,Australia,1881,7.101,2.269
AUS,Australia,1882,6.476,2.348
AUS,Australia,1883,7.133,2.447
AUS,Australia,1884,6.861,2.556
AUS,Australia,1885,7.049,2.650
AUS,Australia,1886,6.900,2.741
AUS,Australia,1887,7.383,2.835
AUS,Australia,1888,7.179,2.932
AUS,Australia,1889,7.567,3.022
AUS,Australia,1890,7.106,3.107
AUS,Australia,1891,7.438,3.196
AUS,Australia,1892,6.368,3.274
AUS,Australia,1893,5.910,3.334
AUS,Australia,1894,6.003,3.395
AUS,Australia,1895,5.558,3.460
AUS,Australia,1896,5.874,3.523
AUS,Australia,1897,5.451,3.586
AUS,Australia,1898,6.202,3.642
AUS,Australia,1899,6.121,3.691
AUS,Australia,1900,6.397,3.741
AUS,Australia,1901,6.119,3.795
AUS,Australia,1902,6.094,3.850
AUS,Australia,1903,6.497,3.896
AUS,Australia,1904,6.846,3.946
AUS,Australia,1905,6.825,4.004
AUS,Australia,1906,7.184,4.062
AUS,Australia,1907,7.358,4.127
AUS,Australia,1908,7.481,4.197
AUS,Australia,1909,7.940,4.278
AUS,Australia,1910,8.305,4.375
AUS,Australia,1911,8.136,4.500
AUS,Australia,1912,8.126,4.661
AUS,Australia,1913,8.220,4.821
AUS,Australia,1914,8.013,4.933
AUS,Australia,1915,7.806,4.971
AUS,Australia,1916,7.775,4.955
AUS,Australia,1917,7.637,4.950
AUS,Australia,1918,7.336,5.032
AUS,Australia,1919,7.517,5.193
AUS,Australia,1920,7.597,5.358
AUS,Australia,1921,7.828,5.461
AUS,Australia,1922,8.072,5.574
AUS,Australia,1923,8.276,5.697
AUS,Australia,1924,8.635,5.819
AUS,Australia,1925,8.851,5.943
AUS,Australia,1926,8.883,6.064
AUS,Australia,1927,8.837,6.188
AUS,Australia,1928,8.690,6.304
AUS,Australia,1929,8.389,6.396
AUS,Australia,1930,7.504,6.469
AUS,Australia,1931,6.940,6.527
AUS,Australia,1932,7.275,6.579
AUS,Australia,1933,7.718,6.631
AUS,Australia,1934,8.066,6.682
AUS,Australia,1935,8.477,6.732
AUS,Australia,1936,8.792,6.783
AUS,Australia,1937,9.159,6.841
AUS,Australia,1938,9.382,6.904
AUS,Australia,1939,9.318,6.971
AUS,Australia,1940,9.828,7.042
AUS,Australia,1941,10.820,7.111
AUS,Australia,1942,11.963,7.173
AUS,Australia,1943,12.278,7.236
AUS,Australia,1944,11.735,7.309
AUS,Australia,1945,11.026,7.389
AUS,Australia,1946,10.512,7.474
AUS,Australia,1947,10.622,7.578
AUS,Australia,1948,11.105,7.715
AUS,Australia,1949,11.536,7.919
AUS,Australia,1950,11.815,8.267
AUS,Australia,1951,11.966,8.511
AUS,Australia,1952,11.824,8.691
AUS,Australia,1953,11.963,8.858
AUS,Australia,1954,12.419,9.064
AUS,Australia,1955,12.795,9.277
AUS,Australia,1956,12.924,9.501
AUS,Australia,1957,12.895,9.713
AUS,Australia,1958,13.238,9.915
AUS,Australia,1959,13.753,10.132
AUS,Australia,1960,14.013,10.361
AUS,Australia,1961,13.793,10.599
AUS,Australia,1962,14.389,10.795
AUS,Australia,1963,14.983,11.001
AUS,Australia,1964,15.699,11.218
AUS,Australia,1965,16.182,11.439
AUS,Australia,1966,16.324,11.655
AUS,Australia,1967,17.108,11.872
AUS,Australia,1968,17.770,12.102
AUS,Australia,1969,18.428,12.379
AUS,Australia,1970,19.166,12.660
AUS,Australia,1971,19.590,12.937
AUS,Australia,1972,19.772,13.177
AUS,Australia,1973,20.527,13.380
AUS,Australia,1974,20.698,13.599
AUS,Australia,1975,20.993,13.771
AUS,Australia,1976,21.613,13.916
AUS,Australia,1977,21.592,14.074
AUS,Australia,1978,21.948,14.249
AUS,Australia,1979,22.826,14.422
AUS,Australia,1980,22.972,14.616
AUS,Australia,1981,23.368,14.923
AUS,Australia,1982,22.972,15.162
AUS,Australia,1983,22.697,15.348
AUS,Australia,1984,24.009,15.510
AUS,Australia,1985,24.927,15.695
AUS,Australia,1986,25.116,15.900
AUS,Australia,1987,25.971,16.137
AUS,Australia,1988,26.702,16.400
AUS,Australia,1989,27.407,16.681
AUS,Australia,1990,27.373,16.956
AUS,Australia,1991,26.861,17.162
AUS,Australia,1992,27.560,17.338
AUS,Australia,1993,28.622,17.498
AUS,Australia,1994,29.844,17.670
AUS,Australia,1995,30.690,17.894
AUS,Australia,1996,31.740,18.102
AUS,Australia,1997,32.858,18.279
AUS,Australia,1998,34.337,18.473
AUS,Australia,1999,35.551,18.683
AUS,Australia,2000,36.603,18.902
AUS,Australia,2001,37.276,19.144
AUS,Australia,2002,38.567,19.361
AUS,Australia,2003,39.524,19.580
AUS,Australia,2004,40.888,19.796
AUS,Australia,2005,41.904,20.059
AUS,Australia,2006,42.651,20.371
AUS,Australia,2007,44.034,20.754
AUS,Australia,2008,44.422,21.208
AUS,Australia,2009,44.687,21.593
AUS,Australia,2010,45.400,21.896
AUS,Australia,2011,46.132,22.241
AUS,Australia,2012,46.999,22.642
AUS,Australia,2013,47.250,23.008
AUS,Australia,2014,47.867,23.345
AUS,Australia,2015,48.357,23.686
AUS,Australia,2016,48.845,24.086
AUS,Australia,2017,49.266,24.466
AUS,Australia,2018,49.831,24.855
AUT,Austria,1,,500
AUT,Austria,1000,,700
AUT,Austria,1500,,2.000
AUT,Austria,1600,,2.500
AUT,Austria,1700,,2.500
AUT,Austria,1820,1.941,3.369
AUT,Austria,1821,,3.386
AUT,Austria,1822,,3.402
AUT,Austria,1823,,3.419
AUT,Austria,1824,,3.436
AUT,Austria,1825,,3.452
AUT,Austria,1826,,3.469
AUT,Austria,1827,,3.486
AUT,Austria,1828,,3.504
AUT,Austria,1829,,3.521
AUT,Austria,1830,2.230,3.538
AUT,Austria,1831,,3.555
AUT,Austria,1832,,3.573
AUT,Austria,1833,,3.590
AUT,Austria,1834,,3.608
AUT,Austria,1835,,3.626
AUT,Austria,1836,,3.614
AUT,Austria,1837,,3.662
AUT,Austria,1838,,3.680
AUT,Austria,1839,,3.698
AUT,Austria,1840,2.415,3.716
AUT,Austria,1841,,3.739
AUT,Austria,1842,,3.762
AUT,Austria,1843,,3.785
AUT,Austria,1844,,3.808
AUT,Austria,1845,,3.831
AUT,Austria,1846,,3.855
AUT,Austria,1847,,3.878
AUT,Austria,1848,,3.902
AUT,Austria,1849,,3.926
AUT,Austria,1850,2.630,3.950
AUT,Austria,1851,,3.978
AUT,Austria,1852,,4.006
AUT,Austria,1853,,4.035
AUT,Austria,1854,,4.063
AUT,Austria,1855,,4.092
AUT,Austria,1856,,4.120
AUT,Austria,1857,,4.150
AUT,Austria,1858,,4.178
AUT,Austria,1859,,4.206
AUT,Austria,1860,2.834,4.235
AUT,Austria,1861,,4.263
AUT,Austria,1862,,4.292
AUT,Austria,1863,,4.321
AUT,Austria,1864,,4.350
AUT,Austria,1865,,4.380
AUT,Austria,1866,,4.409
AUT,Austria,1867,,4.439
AUT,Austria,1868,,4.469
AUT,Austria,1869,,4.499
AUT,Austria,1870,2.970,4.520
AUT,Austria,1871,3.154,4.562
AUT,Austria,1872,3.150,4.604
AUT,Austria,1873,3.049,4.646
AUT,Austria,1874,3.158,4.688
AUT,Austria,1875,3.145,4.730
AUT,Austria,1876,3.188,4.772
AUT,Austria,1877,3.268,4.815
AUT,Austria,1878,3.347,4.857
AUT,Austria,1879,3.296,4.899
AUT,Austria,1880,3.314,4.941
AUT,Austria,1881,3.419,4.985
AUT,Austria,1882,3.411,5.030
AUT,Austria,1883,3.521,5.075
AUT,Austria,1884,3.583,5.121
AUT,Austria,1885,3.531,5.166
AUT,Austria,1886,3.615,5.212
AUT,Austria,1887,3.832,5.257
AUT,Austria,1888,3.792,5.303
AUT,Austria,1889,3.725,5.348
AUT,Austria,1890,3.894,5.394
AUT,Austria,1891,3.995,5.446
AUT,Austria,1892,4.041,5.504
AUT,Austria,1893,4.025,5.563
AUT,Austria,1894,4.216,5.622
AUT,Austria,1895,4.285,5.680
AUT,Austria,1896,4.305,5.739
AUT,Austria,1897,4.352,5.798
AUT,Austria,1898,4.551,5.856
AUT,Austria,1899,4.600,5.915
AUT,Austria,1900,4.594,5.973
AUT,Austria,1901,4.565,6.035
AUT,Austria,1902,4.694,6.099
AUT,Austria,1903,4.688,6.164
AUT,Austria,1904,4.712,6.228
AUT,Austria,1905,4.925,6.292
AUT,Austria,1906,5.062,6.357
AUT,Austria,1907,5.321,6.421
AUT,Austria,1908,5.292,6.485
AUT,Austria,1909,5.222,6.550
AUT,Austria,1910,5.244,6.614
AUT,Austria,1911,5.364,6.669
AUT,Austria,1912,5.587,6.724
AUT,Austria,1913,5.523,6.767
AUT,Austria,1914,4.584,6.806
AUT,Austria,1915,4.229,6.843
AUT,Austria,1916,4.189,6.825
AUT,Austria,1917,4.122,6.785
AUT,Austria,1918,4.073,6.727
AUT,Austria,1919,3.601,6.420
AUT,Austria,1920,3.845,6.455
AUT,Austria,1921,4.224,6.504
AUT,Austria,1922,4.586,6.528
AUT,Austria,1923,4.530,6.543
AUT,Austria,1924,5.042,6.562
AUT,Austria,1925,5.367,6.582
AUT,Austria,1926,5.440,6.603
AUT,Austria,1927,5.587,6.623
AUT,Austria,1928,5.829,6.643
AUT,Austria,1929,5.896,6.664
AUT,Austria,1930,5.716,6.684
AUT,Austria,1931,5.241,6.705
AUT,Austria,1932,4.686,6.725
AUT,Austria,1933,4.516,6.746
AUT,Austria,1934,4.546,6.760
AUT,Austria,1935,4.634,6.761
AUT,Austria,1936,4.774,6.758
AUT,Austria,1937,5.031,6.755
AUT,Austria,1938,5.673,6.753
AUT,Austria,1939,6.529,6.653
AUT,Austria,1940,6.311,6.705
AUT,Austria,1941,6.722,6.745
AUT,Austria,1942,6.349,6.783
AUT,Austria,1943,6.480,6.808
AUT,Austria,1944,6.618,6.834
AUT,Austria,1945,2.750,6.799
AUT,Austria,1946,3.118,7.000
AUT,Austria,1947,3.453,6.971
AUT,Austria,1948,4.406,6.956
AUT,Austria,1949,5.249,6.943
AUT,Austria,1950,5.907,6.935
AUT,Austria,1951,6.311,6.935
AUT,Austria,1952,6.323,6.928
AUT,Austria,1953,6.594,6.932
AUT,Austria,1954,7.261,6.940
AUT,Austria,1955,8.054,6.947
AUT,Austria,1956,8.603,6.952
AUT,Austria,1957,9.111,6.966
AUT,Austria,1958,9.416,6.987
AUT,Austria,1959,9.645,7.014
AUT,Austria,1960,10.391,7.047
AUT,Austria,1961,10.882,7.086
AUT,Austria,1962,11.078,7.130
AUT,Austria,1963,11.454,7.176
AUT,Austria,1964,12.062,7.224
AUT,Austria,1965,12.328,7.271
AUT,Austria,1966,12.930,7.322
AUT,Austria,1967,13.225,7.377
AUT,Austria,1968,13.742,7.415
AUT,Austria,1969,14.555,7.441
AUT,Austria,1970,15.537,7.467
AUT,Austria,1971,16.259,7.500
AUT,Austria,1972,17.169,7.544
AUT,Austria,1973,17.908,7.586
AUT,Austria,1974,18.583,7.599
AUT,Austria,1975,18.564,7.579
AUT,Austria,1976,19.448,7.566
AUT,Austria,1977,20.350,7.568
AUT,Austria,1978,20.293,7.562
AUT,Austria,1979,21.436,7.549
AUT,Austria,1980,21.932,7.549
AUT,Austria,1981,21.866,7.565
AUT,Austria,1982,22.254,7.575
AUT,Austria,1983,22.944,7.553
AUT,Austria,1984,23.016,7.554
AUT,Austria,1985,23.514,7.560
AUT,Austria,1986,24.039,7.568
AUT,Austria,1987,24.409,7.579
AUT,Austria,1988,25.112,7.600
AUT,Austria,1989,26.078,7.628
AUT,Austria,1990,26.930,7.723
AUT,Austria,1991,27.690,7.800
AUT,Austria,1992,28.072,7.887
AUT,Austria,1993,28.101,7.952
AUT,Austria,1994,28.781,7.983
AUT,Austria,1995,29.622,7.995
AUT,Austria,1996,30.413,8.006
AUT,Austria,1997,31.173,8.015
AUT,Austria,1998,32.376,8.024
AUT,Austria,1999,33.608,8.039
AUT,Austria,2000,34.796,8.059
AUT,Austria,2001,35.272,8.090
AUT,Austria,2002,35.824,8.129
AUT,Austria,2003,36.063,8.169
AUT,Austria,2004,36.957,8.220
AUT,Austria,2005,37.643,8.276
AUT,Austria,2006,38.867,8.317
AUT,Austria,2007,40.305,8.344
AUT,Austria,2008,40.965,8.370
AUT,Austria,2009,39.464,8.392
AUT,Austria,2010,40.288,8.413
AUT,Austria,2011,41.446,8.441
AUT,Austria,2012,41.565,8.480
AUT,Austria,2013,41.375,8.530
AUT,Austria,2014,41.338,8.597
AUT,Austria,2015,41.294,8.693
AUT,Austria,2016,41.445,8.788
AUT,Austria,2017,42.177,8.849
AUT,Austria,2018,42.988,8.892
AZE,Azerbaijan,1950,,2.885
AZE,Azerbaijan,1951,,2.983
AZE,Azerbaijan,1952,,3.091
AZE,Azerbaijan,1953,,3.159
AZE,Azerbaijan,1954,,3.223
AZE,Azerbaijan,1955,,3.314
AZE,Azerbaijan,1956,,3.417
AZE,Azerbaijan,1957,,3.526
AZE,Azerbaijan,1958,,3.631
AZE,Azerbaijan,1959,,3.741
AZE,Azerbaijan,1960,,3.882
AZE,Azerbaijan,1961,,4.034
AZE,Azerbaijan,1962,,4.157
AZE,Azerbaijan,1963,,4.283
AZE,Azerbaijan,1964,,4.430
AZE,Azerbaijan,1965,,4.567
AZE,Azerbaijan,1966,,4.702
AZE,Azerbaijan,1967,,4.827
AZE,Azerbaijan,1968,,4.945
AZE,Azerbaijan,1969,,5.059
AZE,Azerbaijan,1970,,5.169
AZE,Azerbaijan,1971,,5.284
AZE,Azerbaijan,1972,,5.394
AZE,Azerbaijan,1973,7.068,5.498
AZE,Azerbaijan,1974,,5.599
AZE,Azerbaijan,1975,,5.696
AZE,Azerbaijan,1976,,5.790
AZE,Azerbaijan,1977,,5.887
AZE,Azerbaijan,1978,,5.986
AZE,Azerbaijan,1979,,6.082
AZE,Azerbaijan,1980,7.165,6.173
AZE,Azerbaijan,1981,7.490,6.271
AZE,Azerbaijan,1982,7.831,6.369
AZE,Azerbaijan,1983,8.010,6.470
AZE,Azerbaijan,1984,8.360,6.579
AZE,Azerbaijan,1985,8.558,6.682
AZE,Azerbaijan,1986,8.663,6.776
AZE,Azerbaijan,1987,8.995,6.874
AZE,Azerbaijan,1988,9.328,6.976
AZE,Azerbaijan,1989,8.421,7.102
AZE,Azerbaijan,1990,7.394,7.200
AZE,Azerbaijan,1991,7.319,7.300
AZE,Azerbaijan,1992,5.639,7.412
AZE,Azerbaijan,1993,4.315,7.528
AZE,Azerbaijan,1994,3.453,7.637
AZE,Azerbaijan,1995,2.999,7.731
AZE,Azerbaijan,1996,3.074,7.815
AZE,Azerbaijan,1997,3.348,7.897
AZE,Azerbaijan,1998,3.550,7.979
AZE,Azerbaijan,1999,3.960,8.056
AZE,Azerbaijan,2000,4.215,8.127
AZE,Azerbaijan,2001,4.499,8.194
AZE,Azerbaijan,2002,4.880,8.257
AZE,Azerbaijan,2003,5.409,8.319
AZE,Azerbaijan,2004,5.971,8.391
AZE,Azerbaijan,2005,7.554,8.475
AZE,Azerbaijan,2006,10.160,8.565
AZE,Azerbaijan,2007,12.699,8.657
AZE,Azerbaijan,2008,14.073,8.750
AZE,Azerbaijan,2009,15.384,8.842
AZE,Azerbaijan,2010,16.154,8.933
AZE,Azerbaijan,2011,16.176,9.024
AZE,Azerbaijan,2012,16.359,9.117
AZE,Azerbaijan,2013,17.133,9.210
AZE,Azerbaijan,2014,17.439,9.302
AZE,Azerbaijan,2015,17.460,9.393
AZE,Azerbaijan,2016,16.645,9.481
AZE,Azerbaijan,2017,16.522,9.566
AZE,Azerbaijan,2018,16.628,9.648
BDI,Burundi,1950,595,2.363
BDI,Burundi,1951,618,2.404
BDI,Burundi,1952,626,2.446
BDI,Burundi,1953,641,2.488
BDI,Burundi,1954,665,2.532
BDI,Burundi,1955,674,2.576
BDI,Burundi,1956,687,2.621
BDI,Burundi,1957,701,2.668
BDI,Burundi,1958,708,2.714
BDI,Burundi,1959,736,2.764
BDI,Burundi,1960,733,2.815
BDI,Burundi,1961,615,2.894
BDI,Burundi,1962,657,2.962
BDI,Burundi,1963,673,3.008
BDI,Burundi,1964,695,3.089
BDI,Burundi,1965,703,3.171
BDI,Burundi,1966,716,3.254
BDI,Burundi,1967,764,3.331
BDI,Burundi,1968,740,3.401
BDI,Burundi,1969,717,3.460
BDI,Burundi,1970,893,3.522
BDI,Burundi,1971,902,3.597
BDI,Burundi,1972,866,3.530
BDI,Burundi,1973,921,3.540
BDI,Burundi,1974,904,3.595
BDI,Burundi,1975,883,3.676
BDI,Burundi,1976,956,3.749
BDI,Burundi,1977,1.020,3.834
BDI,Burundi,1978,1.042,3.930
BDI,Burundi,1979,1.011,4.120
BDI,Burundi,1980,952,4.288
BDI,Burundi,1981,1.014,4.454
BDI,Burundi,1982,985,4.551
BDI,Burundi,1983,991,4.659
BDI,Burundi,1984,968,4.757
BDI,Burundi,1985,1.057,4.849
BDI,Burundi,1986,1.078,4.931
BDI,Burundi,1987,1.095,5.040
BDI,Burundi,1988,1.119,5.156
BDI,Burundi,1989,1.111,5.263
BDI,Burundi,1990,1.124,5.375
BDI,Burundi,1991,1.150,5.493
BDI,Burundi,1992,1.128,5.652
BDI,Burundi,1993,1.076,5.433
BDI,Burundi,1994,1.058,5.446
BDI,Burundi,1995,934,5.812
BDI,Burundi,1996,825,5.815
BDI,Burundi,1997,800,5.820
BDI,Burundi,1998,808,5.955
BDI,Burundi,1999,772,6.128
BDI,Burundi,2000,740,6.282
BDI,Burundi,2001,730,6.466
BDI,Burundi,2002,737,6.670
BDI,Burundi,2003,704,6.897
BDI,Burundi,2004,710,7.167
BDI,Burundi,2005,692,7.439
BDI,Burundi,2006,703,7.709
BDI,Burundi,2007,701,7.991
BDI,Burundi,2008,709,8.318
BDI,Burundi,2009,709,8.741
BDI,Burundi,2010,718,9.140
BDI,Burundi,2011,719,9.440
BDI,Burundi,2012,727,9.748
BDI,Burundi,2013,738,10.069
BDI,Burundi,2014,748,10.380
BDI,Burundi,2015,694,10.577
BDI,Burundi,2016,665,10.721
BDI,Burundi,2017,671,10.955
BDI,Burundi,2018,65"
